time,user_id,user_name,count,total,grade,fans_club
15:39:26,50307189639,摘星🍼,15,174873,[等级14],[粉丝团 Lv10]
15:39:26,85935415244,Z✨,10,174873,[等级25],[粉丝团 Lv13]
15:39:26,232744091126692,围着你 ～打转👣,9,174882,[等级15],[粉丝团 Lv2]
15:39:26,50307189639,摘星🍼,11,174909,[等级14],[粉丝团 Lv10]
15:39:26,85935415244,Z✨,10,174909,[等级25],[粉丝团 Lv13]
15:39:26,232744091126692,围着你 ～打转👣,2,174911,[等级15],[粉丝团 Lv2]
15:39:26,85935415244,Z✨,10,174922,[等级25],[粉丝团 Lv13]
15:39:26,69095645093,栖夏♡,1,174922,[等级23],[粉丝团 Lv12]
15:39:26,3674981903114080,✨星辰✨,4,174926,[等级15],[粉丝团 Lv10]
15:39:27,85935415244,Z✨,11,174937,[等级25],[粉丝团 Lv13]
15:39:27,3674981903114080,✨星辰✨,3,174946,[等级15],[粉丝团 Lv10]
15:39:27,232744091126692,围着你 ～打转👣,6,174946,[等级15],[粉丝团 Lv2]
15:39:27,85935415244,Z✨,10,174956,[等级25],[粉丝团 Lv13]
15:39:27,232744091126692,围着你 ～打转👣,9,174967,[等级15],[粉丝团 Lv2]
15:39:27,3674981903114080,✨星辰✨,2,174967,[等级15],[粉丝团 Lv10]
15:39:28,85935415244,Z✨,12,174980,[等级25],[粉丝团 Lv13]
15:39:28,2309452027925982,深巷、,1,174995,[等级27],[粉丝团 Lv1]
15:39:28,3674981903114080,✨星辰✨,3,174995,[等级15],[粉丝团 Lv10]
15:39:28,71292291061,www,2,174995,[等级28],[粉丝团 Lv12]
15:39:28,85935415244,Z✨,9,175007,[等级25],[粉丝团 Lv13]
15:39:28,69095645093,栖夏♡,3,175007,[等级23],[粉丝团 Lv12]
15:39:28,232744091126692,围着你 ～打转👣,8,175015,[等级15],[粉丝团 Lv2]
15:39:28,69197109563,粉红的草,1,175034,[等级23],
15:39:28,85935415244,Z✨,8,175034,[等级25],[粉丝团 Lv13]
15:39:28,232744091126692,围着你 ～打转👣,10,175044,[等级15],[粉丝团 Lv2]
15:39:28,69197109563,粉红的草,7,175073,[等级23],
15:39:28,85935415244,Z✨,9,175073,[等级25],[粉丝团 Lv13]
15:39:28,99777349898,战无不胜,10,175090,[等级15],[粉丝团 Lv5]
15:39:30,69197109563,粉红的草,11,175119,[等级23],
15:39:31,99777349898,战无不胜,11,175169,[等级15],[粉丝团 Lv5]
15:39:32,50307189639,摘星🍼,10,175169,[等级14],[粉丝团 Lv10]
15:39:32,232744091126692,围着你 ～打转👣,3,175172,[等级15],[粉丝团 Lv2]
15:39:34,50307189639,摘星🍼,17,175215,[等级14],[粉丝团 Lv10]
15:39:34,69197109563,粉红的草,7,175228,[等级23],
15:39:35,3674981903114080,✨星辰✨,8,175236,[等级15],[粉丝团 Lv10]
15:39:35,50307189639,摘星🍼,14,175278,[等级14],[粉丝团 Lv10]
15:39:35,69197109563,粉红的草,11,175278,[等级23],
15:39:36,99777349898,战无不胜,11,175289,[等级15],[粉丝团 Lv5]
15:39:37,85935415244,Z✨,10,175321,[等级25],[粉丝团 Lv13]
15:39:37,69197109563,粉红的草,10,175321,[等级23],
15:39:39,99777349898,战无不胜,11,175333,[等级15],[粉丝团 Lv5]
15:39:39,69197109563,粉红的草,10,175364,[等级23],
15:39:39,85935415244,Z✨,10,175364,[等级25],[粉丝团 Lv13]
15:39:41,232744091126692,围着你 ～打转👣,5,175369,[等级15],[粉丝团 Lv2]
15:39:41,99777349898,战无不胜,12,175412,[等级15],[粉丝团 Lv5]
15:39:41,69197109563,粉红的草,9,175412,[等级23],
15:39:43,85935415244,Z✨,10,175448,[等级25],[粉丝团 Lv13]
15:39:43,69095645093,栖夏♡,4,175448,[等级23],[粉丝团 Lv12]
15:39:44,2955900291391104,可凡,2,175455,[等级20],[粉丝团 Lv14]
15:39:45,95986478834,AB,5,175455,[等级22],[粉丝团 Lv15]
15:39:45,50307189639,摘星🍼,2,175473,[等级14],[粉丝团 Lv10]
15:39:45,69095645093,栖夏♡,5,175473,[等级23],[粉丝团 Lv12]
15:39:46,99777349898,战无不胜,12,175496,[等级15],[粉丝团 Lv5]
15:39:47,4258872444073818,雲散時我在想你,4,175539,[等级20],[粉丝团 Lv11]
15:39:47,1726694456308142,好人一身平安,10,175540,[等级18],
15:39:48,3674981903114080,✨星辰✨,3,175571,[等级15],[粉丝团 Lv10]
15:39:49,50307189639,摘星🍼,5,175596,[等级14],[粉丝团 Lv10]
15:39:51,232744091126692,围着你 ～打转👣,10,175627,[等级15],[粉丝团 Lv2]
15:39:51,1726694456308142,好人一身平安,10,175657,[等级18],
15:39:53,71292291061,www,2,175681,[等级28],[粉丝团 Lv12]
15:39:53,99777349898,战无不胜,11,175722,[等级15],[粉丝团 Lv5]
15:39:53,1726694456308142,好人一身平安,9,175727,[等级18],
15:39:55,3674981903114080,✨星辰✨,2,175750,[等级15],[粉丝团 Lv10]
15:39:55,1726694456308142,好人一身平安,11,175793,[等级18],
15:39:55,85935415244,Z✨,10,175793,[等级25],[粉丝团 Lv13]
15:39:57,232744091126692,围着你 ～打转👣,9,175827,[等级15],[粉丝团 Lv2]
15:39:57,108368366197,哦是哦,2,175827,,
15:39:57,1726694456308142,好人一身平安,10,175861,[等级18],
15:39:57,50307189639,摘星🍼,8,175861,[等级14],[粉丝团 Lv10]
15:39:59,232744091126692,围着你 ～打转👣,10,175881,[等级15],[粉丝团 Lv2]
15:39:59,95986478834,AB,10,175881,[等级22],[粉丝团 Lv15]
15:39:59,50307189639,摘星🍼,15,175917,[等级14],[粉丝团 Lv10]
15:39:59,1726694456308142,好人一身平安,10,175917,[等级18],
15:40:00,232744091126692,围着你 ～打转👣,8,175935,[等级15],[粉丝团 Lv2]
15:40:01,1726694456308142,好人一身平安,10,175972,[等级18],
15:40:01,85935415244,Z✨,10,175972,[等级25],[粉丝团 Lv13]
15:40:02,2955900291391104,可凡,1,175996,[等级20],[粉丝团 Lv14]
15:40:03,1726694456308142,好人一身平安,10,176039,[等级18],
15:40:03,50307189639,摘星🍼,16,176039,[等级14],[粉丝团 Lv10]
15:40:05,2955900291391104,可凡,9,176068,[等级20],[粉丝团 Lv14]
15:40:05,1726694456308142,好人一身平安,10,176107,[等级18],
15:40:05,50307189639,摘星🍼,14,176107,[等级14],[粉丝团 Lv10]
15:40:07,2955900291391104,可凡,18,176143,[等级20],[粉丝团 Lv14]
15:40:07,1726694456308142,好人一身平安,10,176179,[等级18],
15:40:07,50307189639,摘星🍼,15,176179,[等级14],[粉丝团 Lv10]
15:40:09,2955900291391104,可凡,17,176209,[等级20],[粉丝团 Lv14]
15:40:09,4354490357001374,雾眠羊,12,176264,[等级19],[粉丝团 Lv11]
15:40:10,232744091126692,围着你 ～打转👣,9,176284,[等级15],[粉丝团 Lv2]
15:40:11,4354490357001374,雾眠羊,13,176316,[等级19],[粉丝团 Lv11]
15:40:12,1726694456308142,好人一身平安,9,176316,[等级18],
15:40:12,2955900291391104,可凡,3,176337,[等级20],[粉丝团 Lv14]
15:40:12,232744091126692,围着你 ～打转👣,8,176337,[等级15],[粉丝团 Lv2]
15:40:13,4354490357001374,雾眠羊,14,176371,[等级19],[粉丝团 Lv11]
15:40:13,1726694456308142,好人一身平安,10,176371,[等级18],
15:40:14,2955900291391104,可凡,10,176405,[等级20],[粉丝团 Lv14]
15:40:14,3674981903114080,✨星辰✨,5,176405,[等级15],[粉丝团 Lv10]
15:40:15,4354490357001374,雾眠羊,14,176448,[等级19],[粉丝团 Lv11]
15:40:15,1726694456308142,好人一身平安,10,176448,[等级18],
15:40:16,2955900291391104,可凡,10,176468,[等级20],[粉丝团 Lv14]
15:40:17,4354490357001374,雾眠羊,14,176526,[等级19],[粉丝团 Lv11]
15:40:17,1726694456308142,好人一身平安,10,176527,[等级18],
15:40:18,2955900291391104,可凡,10,176565,[等级20],[粉丝团 Lv14]
15:40:18,3674981903114080,✨星辰✨,4,176565,[等级15],[粉丝团 Lv10]
15:40:19,4354490357001374,雾眠羊,13,176612,[等级19],[粉丝团 Lv11]
15:40:19,1726694456308142,好人一身平安,10,176612,[等级18],
15:40:20,2955900291391104,可凡,11,176633,[等级20],[粉丝团 Lv14]
15:40:20,232744091126692,围着你 ～打转👣,9,176643,[等级15],[粉丝团 Lv2]
15:40:21,4354490357001374,雾眠羊,14,176691,[等级19],[粉丝团 Lv11]
15:40:21,1726694456308142,好人一身平安,11,176691,[等级18],
15:40:22,7405369953099220025,口_,4,176706,[等级23],[粉丝团 Lv13]
15:40:22,2955900291391104,可凡,2,176706,[等级20],[粉丝团 Lv14]
15:40:23,4354490357001374,雾眠羊,13,176766,[等级19],[粉丝团 Lv11]
15:40:24,1726694456308142,好人一身平安,9,176766,[等级18],
15:40:24,7405369953099220025,口_,10,176792,[等级23],[粉丝团 Lv13]
15:40:24,3674981903114080,✨星辰✨,7,176803,[等级15],[粉丝团 Lv10]
15:40:26,85935415244,Z✨,11,176855,[等级25],[粉丝团 Lv13]
15:40:26,1726694456308142,好人一身平安,10,176855,[等级18],
15:40:26,7405369953099220025,口_,10,176875,[等级23],[粉丝团 Lv13]
15:40:28,1726694456308142,好人一身平安,10,176927,[等级18],
15:40:28,232744091126692,围着你 ～打转👣,10,176947,[等级15],[粉丝团 Lv2]
15:40:29,4354490357001374,雾眠羊,9,176988,[等级19],[粉丝团 Lv11]
15:40:29,1726694456308142,好人一身平安,9,176997,[等级18],
15:40:30,7405369953099220025,口_,3,177008,[等级23],[粉丝团 Lv13]
15:40:30,232744091126692,围着你 ～打转👣,8,177019,[等级15],[粉丝团 Lv2]
15:40:31,4354490357001374,雾眠羊,13,177074,[等级19],[粉丝团 Lv11]
15:40:32,1726694456308142,好人一身平安,7,177074,[等级18],
15:40:32,2955900291391104,可凡,3,177083,[等级20],[粉丝团 Lv14]
15:40:32,232744091126692,围着你 ～打转👣,6,177093,[等级15],[粉丝团 Lv2]
15:40:33,4354490357001374,雾眠羊,7,177118,[等级19],[粉丝团 Lv11]
15:40:34,85935415244,Z✨,10,177118,[等级25],[粉丝团 Lv13]
15:40:34,2955900291391104,可凡,8,177127,[等级20],[粉丝团 Lv14]
15:40:34,232744091126692,围着你 ～打转👣,1,177129,[等级15],[粉丝团 Lv2]
15:40:35,4354490357001374,雾眠羊,10,177150,[等级19],[粉丝团 Lv11]
15:40:36,85935415244,Z✨,11,177150,[等级25],[粉丝团 Lv13]
15:40:37,4354490357001374,雾眠羊,2,177168,[等级19],[粉丝团 Lv11]
15:40:38,50307189639,摘星🍼,4,177168,[等级14],[粉丝团 Lv10]
15:40:39,4354490357001374,雾眠羊,12,177208,[等级19],[粉丝团 Lv11]
15:40:39,85935415244,Z✨,11,177208,[等级25],[粉丝团 Lv13]
15:40:42,4354490357001374,雾眠羊,14,177223,[等级19],[粉丝团 Lv11]
15:40:42,85935415244,Z✨,1,177223,[等级25],[粉丝团 Lv13]
15:40:43,232744091126692,围着你 ～打转👣,1,177224,[等级15],[粉丝团 Lv2]
15:40:43,4354490357001374,雾眠羊,13,177257,[等级19],[粉丝团 Lv11]
15:40:43,545795992193711,用户8195922039159,20,177257,,
15:40:45,232744091126692,围着你 ～打转👣,4,177261,[等级15],[粉丝团 Lv2]
15:40:45,4354490357001374,雾眠羊,1,177262,[等级19],[粉丝团 Lv11]
15:40:45,545795992193711,用户8195922039159,2,177264,,
15:40:49,232744091126692,围着你 ～打转👣,5,177269,[等级15],[粉丝团 Lv2]
15:40:51,232744091126692,围着你 ～打转👣,4,177273,[等级15],[粉丝团 Lv2]
15:40:53,65141415186,D LJ,6,177279,[等级19],[粉丝团 Lv12]
15:40:55,100897830775,happy,1,177280,[等级22],[粉丝团 Lv13]
15:40:57,232744091126692,围着你 ～打转👣,5,177285,[等级15],[粉丝团 Lv2]
15:40:58,1574978753148520,singing,3,177288,[等级16],[粉丝团 Lv12]
15:40:59,232744091126692,围着你 ～打转👣,4,177292,[等级15],[粉丝团 Lv2]
15:41:00,1574978753148520,singing,8,177300,[等级16],[粉丝团 Lv12]
15:41:01,3751188412762509,民谣,1,177309,[等级25],[粉丝团 Lv2]
15:41:02,1574978753148520,singing,8,177309,[等级16],[粉丝团 Lv12]
